"","exposure","SNP","gene","chrom","chromStart","effect_allele","other_allele","eaf","beta","se","pval"
"1","LDL cholesterol","rs12027135","LDLRAP1",1,25775732,"A","T",0.46,-0.03,0.00392124667877956,2e-14
"2","LDL cholesterol","rs12748152","PIGV",1,27138392,"T","C",0.09,0.05,0.00716566019077624,3e-12
"3","LDL cholesterol","rs2479409","PCSK9",1,55504649,"G","A",0.32,0.064,0.00429349191228869,3e-50
"4","LDL cholesterol","rs2131925","ANGPTL3",1,63025941,"G","T",0.34,-0.049,0.00414477105999568,3e-32
"5","LDL cholesterol","rs629301","SORT1",1,109818305,"G","T",0.24,-0.167,0.00503713691451727,1e-200
"6","LDL cholesterol","rs267733","ANXA9",1,150958835,"G","A",0.16,-0.033,0.00564375379774914,5e-09
"7","LDL cholesterol","rs2642442","MOSC1",1,220973562,"C","T",0.33,-0.036,0.00547867165904996,5e-11
"8","LDL cholesterol","rs514230","IRF2BP2",1,234858596,"A","T",0.48,-0.036,0.00527731470865517,9e-12
"9","LDL cholesterol","rs1367117","APOB",2,21263899,"A","G",0.32,0.119,0.00412815267775611,1e-182
"10","LDL cholesterol","rs4299376","ABCG5",2,44072575,"G","T",0.31,0.081,0.00450999415149131,4e-72
"11","LDL cholesterol","rs2710642","EHBP1",2,63149556,"G","A",0.35,-0.024,0.00412600989627614,6e-09
"12","LDL cholesterol","rs10490626","INSIG2",2,118835840,"A","G",0.08,-0.051,0.00724999890063956,2e-12
"13","LDL cholesterol","rs2030746","LOC84931",2,121309487,"T","C",0.4,0.021,0.00365308076599279,9e-09
"14","LDL cholesterol","rs1250229","FN1",2,216304383,"T","C",0.27,-0.024,0.00433100678469104,3e-08
"15","LDL cholesterol","rs11563251","UGT1A1",2,234679383,"T","C",0.12,0.034,0.00623703243241414,5e-08
"16","LDL cholesterol","rs7640978","CMTM6",3,32533009,"T","C",0.09,-0.039,0.00680541705893037,1e-08
"17","LDL cholesterol","rs17404153","ACAD11",3,132163199,"T","G",0.14,-0.034,0.00566873857643725,2e-09
"18","LDL cholesterol","rs6831256","LRPAP1",4,3473138,"G","A",0.42,0.022,0.00392017019291217,2e-08
"19","LDL cholesterol","rs12916","HMGCR",5,74656538,"C","T",0.4,0.073,0.00390909708573124,8e-78
"20","LDL cholesterol","rs4530754","CSNK1G3",5,122855415,"G","A",0.46,-0.028,0.00403622138046466,4e-12
"21","LDL cholesterol","rs6882076","TIMD4",5,156390296,"T","C",0.36,-0.046,0.00395626284340718,3e-31
"22","LDL cholesterol","rs3177928","HLA",6,3673308,"A","G",0.17,0.045,0.00532760975416587,3e-17
"23","LDL cholesterol","rs3177928","HLA",6,3690553,"A","G",0.17,0.045,0.00532760975416587,3e-17
"24","LDL cholesterol","rs3177928","HLA",6,3754501,"A","G",0.17,0.045,0.00532760975416587,3e-17
"25","LDL cholesterol","rs3177928","HLA",6,3759104,"A","G",0.17,0.045,0.00532760975416587,3e-17
"26","LDL cholesterol","rs3177928","HLA",6,3791214,"A","G",0.17,0.045,0.00532760975416587,3e-17
"27","LDL cholesterol","rs3177928","HLA",6,3882852,"A","G",0.17,0.045,0.00532760975416587,3e-17
"28","LDL cholesterol","rs3757354","MYLIP",6,16127406,"T","C",0.24,-0.038,0.00447385508422046,2e-17
"29","LDL cholesterol","rs1800562","HFE",6,26093140,"A","G",0.07,-0.062,0.00829951053428999,8e-14
"30","LDL cholesterol","rs3177928","HLA",6,32412434,"A","G",0.17,0.045,0.00532760975416587,3e-17
"31","LDL cholesterol","rs9488822","FRK",6,116312892,"T","A",0.36,0.031,0.00596229798699198,2e-07
"32","LDL cholesterol","rs1564348","LPA",6,160578859,"C","T",0.18,0.048,0.00507253074917786,3e-21
"33","LDL cholesterol","rs12670798","DNAH11",7,21607351,"C","T",0.25,0.034,0.00451412187431307,5e-14
"34","LDL cholesterol","rs4722551","MIR148A",7,25991825,"C","T",0.2,0.039,0.00515805181549046,4e-14
"35","LDL cholesterol","rs2072183","NPC1L1",7,44579179,"C","G",0.29,0.039,0.00483240300372946,7e-16
"36","LDL cholesterol","rs9987289","PPP1R3B",8,9183357,"A","G",0.1,-0.071,0.00706325440545218,9e-24
"37","LDL cholesterol","rs10102164","SOX17",8,55421613,"A","G",0.21,0.032,0.00484549122295132,4e-11
"38","LDL cholesterol","rs2081687","CYP7A1",8,59388564,"T","C",0.36,0.031,0.00581971220232352,1e-07
"39","LDL cholesterol","rs2954029","TRIB1",8,126490971,"T","A",0.47,-0.056,0.00374999894494738,2e-50
"40","LDL cholesterol","rs11136341","PLEC1",8,145043542,"G","A",0.4,0.045,0.00656200978695885,7e-12
"41","LDL cholesterol","rs3780181","VLDLR",9,2640758,"G","A",0.08,-0.044,0.00733601462833055,2e-09
"42","LDL cholesterol","rs2255141","GPAM",10,113933885,"A","G",0.3,0.03,0.00403176918505911,1e-13
"43","LDL cholesterol","rs174546","FADS1",11,61569829,"T","C",0.36,-0.051,0.00388193340022631,2e-39
"44","LDL cholesterol","rs964184","APOA1",11,116648916,"C","G",0.84,-0.086,0.00808481635518685,2e-26
"45","LDL cholesterol","rs11220462","ST3GAL4",11,126243951,"A","G",0.14,0.059,0.00629417228381329,7e-21
"46","LDL cholesterol","rs11065987","BRAP",12,112072423,"G","A",0.41,-0.027,0.00396679499298355,1e-11
"47","LDL cholesterol","rs1169288","HNF1A",12,121416649,"C","A",0.34,0.038,0.00404685816544703,6e-21
"48","LDL cholesterol","rs4942486","BRCA2",13,32953387,"T","C",0.48,0.024,0.00357887222329878,2e-11
"49","LDL cholesterol","rs8017377","NYNRIN",14,24883886,"A","G",0.46,0.03,0.00380184469462474,3e-15
"50","LDL cholesterol","rs3764261","CETP",16,56993323,"A","C",0.32,-0.053,0.0043315339598349,2e-34
"51","LDL cholesterol","rs2000999","HPR",16,72108092,"A","G",0.2,0.065,0.00483968401637041,4e-41
"52","LDL cholesterol","rs314253","DLG4",17,7091649,"C","T",0.37,-0.024,0.00381026247629544,3e-10
"53","LDL cholesterol","rs7206971","OSBPL7",17,45425114,"A",NA,0.49,0.029,0.00566025177969188,3e-07
"54","LDL cholesterol","rs1801689","APOH",17,64210579,"C",NA,0.04,0.103,0.0151325883065669,1e-11
"55","LDL cholesterol","rs6511720","LDLR",19,11202305,"T","G",0.12,-0.221,0.00638973408863905,1e-200
"56","LDL cholesterol","rs10401969","CILP2",19,19407717,"C","T",0.09,-0.118,0.00760832425875385,3e-54
"57","LDL cholesterol","rs4420638","APOE",19,45422945,"G","A",0.19,0.225,0.00789993482602107,2e-178
"58","LDL cholesterol","rs364585","SPTLC3",20,12962717,"A","G",0.38,-0.025,0.003997423927524,4e-10
"59","LDL cholesterol","rs2328223","SNX5",20,17845920,"C",NA,0.21,0.03,0.00515751237034518,6e-09
"60","LDL cholesterol","rs2902940","MAFB",20,39091486,"G","A",0.3,-0.027,0.00402623125121113,2e-11
"61","LDL cholesterol","rs6029526","TOP1",20,39672617,"A","T",0.47,0.044,0.00508472342464323,5e-18
"62","LDL cholesterol","rs5763662","MTMR3",22,30378702,"T","C",0.04,0.077,0.0134363362445548,1e-08
"63","LDL cholesterol","rs4253772","PPARA",22,46627602,"T","C",0.11,0.031,0.00559421709689259,3e-08
"64","Lp(a)","rs10455872",NA,6,161010117,"G","A",0.08,1.32,0.33928,1e-04
"65","Triglycerides","rs12748152","PIGV",1,27138392,"T","C",0.09,0.037,0.00605623108602362,1e-09
"66","Triglycerides","rs2131925","ANGPTL3",1,63025941,"G","T",0.34,-0.066,0.00362046688094491,3e-74
"67","Triglycerides","rs4846914","GALNT2",1,230295690,"G","A",0.41,0.04,0.00346183483413493,7e-31
"68","Triglycerides","rs1260326","GCKR",2,27730939,"T","C",0.39,0.115,0.00348037642744602,1e-200
"69","Triglycerides","rs2972146","IRS1",2,227100697,"G","T",0.37,-0.028,0.00354838838164976,3e-15
"70","Triglycerides","rs645040","MSL2L1",3,135926621,"G","T",0.23,-0.029,0.00412254839448132,2e-12
"71","Triglycerides","rs6831256","LRPAP1",4,3473138,"G","A",0.42,0.026,0.00369607787091429,2e-12
"72","Triglycerides","rs442177","KLHL8",4,88030260,"G","T",0.42,-0.031,0.00350872832859296,1e-18
"73","Triglycerides","rs9686661","MAP3K1",5,55861785,"T","C",0.2,0.038,0.00464926963939431,3e-16
"74","Triglycerides","rs6882076","TIMD4",5,156390296,"T","C",0.36,-0.029,0.00365177420309748,2e-15
"75","Triglycerides","rs998584","VEGFA",6,43757895,"A","C",0.49,0.49,0.0620967966788707,3e-15
"76","Triglycerides","rs1936800","RSPO3",6,127436063,"C","T",0.49,-0.02,0.00360917232057586,3e-08
"77","Triglycerides","rs4722551","MIR148A",7,25991825,"C","T",0.2,0.023,0.00354781685423487,9e-11
"78","Triglycerides","rs13238203","TYW1B",7,72129666,"T","C",0.04,-0.059,0.0126316154894553,3e-06
"79","Triglycerides","rs17145738","MLXIPL",7,72982873,"T","C",0.13,-0.115,0.00545174730276022,9e-99
"80","Triglycerides","rs38855","MET",7,116358043,"G","A",0.47,-0.019,0.00338560153024232,2e-08
"81","Triglycerides","rs11776767","PINX1",8,10683928,"C","G",0.37,0.022,0.00330997748650368,3e-11
"82","Triglycerides","rs1495741","NAT2",8,18272880,"G","A",0.26,0.04,0.00573252815262099,3e-12
"83","Triglycerides","rs12678919","LPL",8,19844221,"G","A",0.13,-0.17,0.00564233859071762,2e-199
"84","Triglycerides","rs2954029","TRIB1",8,126490971,"T","A",0.47,-0.076,0.00344703604506171,1e-107
"85","Triglycerides","rs1832007","AKR1C4",10,5254846,"G","A",0.18,-0.033,0.00469117575923736,2e-12
"86","Triglycerides","rs10761731","JMJD1C",10,65027609,"T","A",0.44,-0.031,0.00453312620413828,8e-12
"87","Triglycerides","rs2068888","CYP26A1",10,94839641,"A","G",0.45,-0.024,0.00357887222329878,2e-11
"88","Triglycerides","rs174546","FADS1",11,61569829,"T","C",0.36,0.045,0.00349761127056787,7e-38
"89","Triglycerides","rs964184","APOA1",11,116648916,"C","G",0.84,-0.234,0.00732580108539459,1e-200
"90","Triglycerides","rs11613352","LRP1",12,57792579,"T","C",0.26,-0.028,0.00375596616691864,9e-14
"91","Triglycerides","rs4765127","ZNF664",12,124460166,"T","G",0.35,-0.029,0.00516749707247513,2e-08
"92","Triglycerides","rs2412710","CAPN3",15,42683786,"A","G",0.04,0.099,0.0147628479211075,2e-11
"93","Triglycerides","rs2929282","FRMD5",15,44245930,"T","A",0.07,0.072,0.0120043875736318,2e-09
"94","Triglycerides","rs1532085","LIPC",15,58683365,"A","G",0.4,0.031,0.00353990775289419,2e-18
"95","Triglycerides","rs3198697","PDXDC1",16,15129939,"T","C",0.43,-0.02,0.00356379108446561,2e-08
"96","Triglycerides","rs11649653","CTF1",16,30918486,"G","C",0.4,-0.027,0.00519296921447689,2e-07
"97","Triglycerides","rs1121980","FTO",16,53809246,"A","G",0.43,0.021,0.00378963093660466,3e-08
"98","Triglycerides","rs3764261","CETP",16,56993323,"A","C",0.32,-0.04,0.0038386050076519,2e-25
"99","Triglycerides","rs8077889","MPP3",17,41878165,"C","A",0.22,0.025,0.00436244683264768,1e-08
"100","Triglycerides","rs7248104","INSR",19,7224430,"A","G",0.42,-0.022,0.00353748674557118,5e-10
"101","Triglycerides","rs10401969","CILP2",19,19407717,"C","T",0.09,-0.121,0.00685514220471922,1e-69
"102","Triglycerides","rs731839","PEPD",19,33899064,"G","A",0.35,0.022,0.00370894979057824,3e-09
"103","Triglycerides","rs6065906","PLTP",20,44554014,"C","T",0.19,0.053,0.0043315339598349,2e-34
"104","Triglycerides","rs5756931","PLA2G6",22,38546032,"C","T",0.4,-0.02,0.00360917232057586,3e-08
